Boro,OBJECTID,Type,Provider,Park_Wifi,Location,Lat,Long_,X,Y,Location_T,Remarks,City,Zip
SI,1,Limited Free,TimeWarner,Wolfe's Pond Park,Back of the Comfort Station,40.517299999599999,-74.191000000499997,931144.268929000012577,127800.859933999992791,,,Staten Island,
SI,2,Limited Free,TimeWarner,Wolfe's Pond Park,Southwestern corner of the South Parking Lot,40.516999999600003,-74.190300000199997,931338.659617000026628,127691.139681000000564,,,Staten Island,
SI,3,Limited Free,TimeWarner,Wolfe's Pond Park,Near the Chester Avenue Entrance to the South Parking Lot,40.518200000299998,-74.189800000199995,931478.627513000043109,128128.024961999995867,,,Staten Island,
SI,4,Limited Free,TimeWarner,Wolfe's Pond Park,Beach Side of the South Parking Lot,40.517100000200003,-74.189799999399995,931477.759404000011273,127727.270514000003459,,,Staten Island,
SI,5,Limited Free,TimeWarner,Wolfe's Pond Park,North Parking Lot,40.519200000399998,-74.188200000199998,931924.268354000058025,128491.387424000000465,,,Staten Island,
SI,6,Limited Free,TimeWarner,Blood Root Valley,Front of building,40.591949999599997,-74.139220000099996,945584.414917999994941,154970.486040999996476,,,Staten Island,
SI,7,Limited Free,TimeWarner,Blood Root Valley,Parking Lot behind building closest to soccer field,40.591899999699997,-74.139200000299994,945589.940497000003234,154952.261012000002665,,,Staten Island,
SI,8,Limited Free,TimeWarner,Blood Root Valley,First Floor,40.591899999900001,-74.138500000400001,945784.351525999954902,154951.952940999995917,,,Staten Island,
SI,9,Limited Free,TimeWarner,Blood Root Valley,Second Floor,40.592030000400001,-74.138119999699995,945889.963847000035457,154999.148713000002317,,,Staten Island,
SI,10,Limited Free,TimeWarner,Blood Root Valley,Parking Lot behind building closest to soccer field,40.592000000100001,-74.1380999995,945895.501237999997102,154988.210087000014028,,,Staten Island,
SI,11,Limited Free,TimeWarner,Barrett Park,Near Main Entrance,40.626099999600001,-74.114699999799996,952410.644047999987379,167402.336505000013858,,,Staten Island,
SI,12,Limited Free,TimeWarner,Barrett Park,Benches at Southeast corner in the park,40.624699999599997,-74.114400000499998,952493.254119000048377,166892.170859000005294,,,Staten Island,
SI,13,Limited Free,TimeWarner,Barrett Park,"Southeast Corner of the Park, in front of YMCA",40.624700000300003,-74.114199999899995,952548.773035999969579,166892.098679999995511,,,Staten Island,
SI,14,Limited Free,TimeWarner,Clove Lakes Park,Park Building South Hallway,40.617979999900001,-74.108214999899999,954207.147344000055455,164441.717754000012064,,,Staten Island,
SI,15,Limited Free,TimeWarner,Clove Lakes Park,Near Lakehouse Restaurant,40.618000000199999,-74.1082000002,954211.3205640000524,164448.999236000003293,,,Staten Island,
SI,17,Limited Free,TimeWarner,Clove Lakes Park,Park Building Main Lobby,40.618977000400001,-74.107169999800007,954497.706474000005983,164804.594325000012759,,,Staten Island,
SI,18,Limited Free,TimeWarner,Clove Lakes Park,Lakehouse Restaurant,40.619399999899997,-74.107099999699997,954517.32815399998799,164958.680303000001004,,,Staten Island,
SI,19,Limited Free,TimeWarner,Clove Lakes Park,Park Building Main Hallway,40.6189999996,-74.106999999600006,954544.911761000053957,164812.915830999991158,,,Staten Island,
SI,20,Limited Free,TimeWarner,Snug Harbor Cultural Center,North Entrance of Randall Garden,40.645499999899997,-74.103399999399997,955555.731261000037193,174466.369949000014458,,,Staten Island,
SI,21,Limited Free,TimeWarner,Snug Harbor Cultural Center,North Entrance of Randall Garden,40.645400000000002,-74.102900000100007,955694.441941999946721,174429.77389400001266,,,Staten Island,
SI,22,Limited Free,TimeWarner,Snug Harbor Cultural Center,Snug Harbor Dock,40.645299999599999,-74.102299999400003,955860.904207000043243,174393.146013999998104,,,Staten Island,
SI,23,Limited Free,TimeWarner,Snug Harbor Cultural Center,Snug Harbor Dock,40.645099999800003,-74.101699999499999,956027.324478000053205,174320.086776999989524,,,Staten Island,
SI,24,Limited Free,TimeWarner,Snug Harbor Cultural Center,Neptune Fountain,40.644900000500002,-74.101099999599995,956193.745732999988832,174247.028851999988547,,,Staten Island,
SI,25,Limited Free,TimeWarner,Snug Harbor Cultural Center,Neptune Fountain,40.644699999700002,-74.100299999599997,956415.670157999964431,174173.907936000003247,,,Staten Island,
SI,26,Limited Free,TimeWarner,Franklin D. Roosevelt Boardwalk and Beach,Near Greeley Avenue Baseball Diamond,40.568399999999997,-74.0907999999,959023.206938000046648,146372.982565999991493,,,Staten Island,
SI,27,Limited Free,TimeWarner,Franklin D. Roosevelt Boardwalk and Beach,Near Midland Beach Veterans Memorial,40.569400000000002,-74.089500000499996,959384.755426999996416,146736.935250999988057,,,Staten Island,
SI,28,Limited Free,TimeWarner,Franklin D. Roosevelt Boardwalk and Beach,On the Boardwalk Near Midland Avenue Baseball Diamond,40.5702,-74.088499999800007,959662.873966000042856,147028.112489999999525,,,Staten Island,
SI,29,Limited Free,TimeWarner,Franklin D. Roosevelt Boardwalk and Beach,Near Mapleton Avenue Baseball Diamond,40.571300000199997,-74.087299999600006,959996.658075000043027,147428.534917000011774,,,Staten Island,
SI,30,Limited Free,TimeWarner,Franklin D. Roosevelt Boardwalk and Beach,Near the Hunter Avenue Parking Lot,40.572299999899997,-74.0860000001,960358.176380999968387,147792.502036999998381,,,Staten Island,
SI,31,Limited Free,TimeWarner,Franklin D. Roosevelt Boardwalk and Beach,On the Boardwalk Near Jefferson Avenue,40.573300000300001,-74.084400000399995,960803.026212999946438,148156.394353999989107,,,Staten Island,
SI,32,Limited Free,TimeWarner,Franklin D. Roosevelt Boardwalk and Beach,On the Beach Near the Soccer Field,40.5747,-74.081699999799994,961553.582782999961637,148665.737495000008494,,,Staten Island,
SI,33,Limited Free,TimeWarner,Franklin D. Roosevelt Boardwalk and Beach,On the Beach Near the Soccer Field,40.575700000200001,-74.080699999499998,961831.720349999959581,149029.804681000008713,,,Staten Island,
SI,34,Limited Free,TimeWarner,Franklin D. Roosevelt Boardwalk And Beach,On the Boardwalk Near the Soccer Field,40.575700000200001,-74.080699999499998,961831.720349999959581,149029.804681000008713,,,Staten Island,
BK,35,Limited Free,Cablevision,Manhattan Beach Park,Park seating area,40.576500000400003,-74.079599999799996,962137.562585999956354,149320.98487300000852,,,Brooklyn,
SI,36,Limited Free,TimeWarner,Franklin D. Roosevelt Boardwalk and Beach,On the Boardwalk Near Naughton Avenue,40.577099999799998,-74.0785999995,962415.553170999977738,149539.328596000006655,,,Staten Island,
SI,37,Limited Free,TimeWarner,Franklin D. Roosevelt Boardwalk And Beach,On the Boardwalk near Buel Avenue,40.577699999899998,-74.0779,962610.201731999986805,149757.749746999994386,,,Staten Island,
SI,38,Limited Free,TimeWarner,Tappen Park,Behind Edgewater Village Hall,40.627100000399999,-74.077299999700003,962792.757469999953173,167755.285601999989012,,,Staten Island,
SI,39,Limited Free,TimeWarner,Franklin D. Roosevelt Boardwalk And Beach,On the Beach Near the Seaview Avenue Entrance,40.5785000001,-74.076800000000006,962916.025596000021324,150048.939782000001287,,,Staten Island,
SI,40,Limited Free,TimeWarner,Franklin D. Roosevelt Boardwalk And Beach,South Parking Lot Near Seaview Avenue,40.579700000400003,-74.0763999996,963027.521436000009999,150486.032410999992862,,,Staten Island,
SI,41,Limited Free,TimeWarner,Tappen Park,Fountain,40.626599999600003,-74.0762,963097.94124199997168,167572.85453700000653,,,Staten Island,
SI,42,Limited Free,TimeWarner,Franklin D. Roosevelt Boardwalk And Beach,North Parking Lot Near Seaview Avenue,40.580000000399998,-74.075799999899999,963194.284554000012577,150595.185079999995651,,,Staten Island,
SI,43,Limited Free,TimeWarner,Tappen Park,Fountain,40.627100000399999,-74.075800000000001,963209.133277000044473,167754.921758000011323,,,Staten Island,
SI,44,Limited Free,TimeWarner,Franklin D. Roosevelt Boardwalk And Beach,Near South Fin Grill,40.588200000100002,-74.067499999899994,965502.159203000017442,153580.76375499999267,,,Staten Island,
BK,45,Limited Free,TimeWarner,McKinley Park,Near the Baseball Field at 77th Street,40.625000000100002,-74.017899999799994,979281.089649999979883,166981.23990600000252,,,Brooklyn,
BK,46,Limited Free,TimeWarner,McKinley Park,Near the Tennis Courts,40.625300000199999,-74.017300000299997,979447.666745000053197,167090.504451999993762,,,Brooklyn,
BK,47,Limited Free,TimeWarner,McKinley Park,Near the Comfort Station,40.626600000099998,-74.016800000499998,979586.553277999977581,167564.101930000004359,,,Brooklyn,
BK,48,Limited Free,TimeWarner,McKinley Park,Near the Basketball Courts at Bay Ridge Parkway,40.625900000100003,-74.016500000299999,979669.781130000017583,167309.057491999992635,,,Brooklyn,
BK,49,Limited Free,TimeWarner,McKinley Park,Near the 73rd Street Entrance,40.626400000399997,-74.015800000599995,979864.126214000047185,167491.185081000003265,,,Brooklyn,
BK,51,Limited Free,TimeWarner,Coffey Park,Near the Baseball Field,40.677200000200003,-74.008699999599997,981836.831913999980316,185998.752723999990849,,,Brooklyn,
BK,52,Limited Free,TimeWarner,Coffey Park,Near the Playground,40.677200000200003,-74.008699999599997,981836.831913999980316,185998.752723999990849,,,Brooklyn,
BK,53,Limited Free,TimeWarner,Coffey Park,Between the Basketball Court and Comfort Station,40.677200000200003,-74.008699999599997,981836.831913999980316,185998.752723999990849,,,Brooklyn,
BK,54,Limited Free,TimeWarner,Coffey Park,Between the Basketball Court and Comfort Station,40.677200000200003,-74.008699999599997,981836.831913999980316,185998.752723999990849,,,Brooklyn,
QU,55,Limited Free,TimeWarner,Baisley Pond Park,Near gazebo,40.676891732900003,-73.786912543200003,1043355.48808000003919,185958.21179500001017,,,Queens,
BK,56,Limited Free,TimeWarner,Red Hook Recreation Area,Near the Columbia Street and Bay Street Intersection,40.673299999800001,-74.008199999499993,981975.386754999984987,184577.857599999988452,,,Brooklyn,
BK,57,Limited Free,TimeWarner,Red Hook Recreation Area,Near the Hicks Street and Bay Street Intersection,40.673000000199998,-74.006900000100003,982335.987411999958567,184468.528094000008423,,,Brooklyn,
MN,59,Limited Free,TimeWarner,Tony Dapolto Recreation Center,Near the Pool,40.729699999899999,-74.005600000000001,982697.919102999963798,205126.002856000006432,,,New York,
BK,60,Limited Free,TimeWarner,Red Hook Recreation Area,Near the Bay Street Baseball Diamonds,40.672600000099997,-74.005499999400001,982724.32882699999027,184322.769200000009732,,,Brooklyn,
MN,61,Limited Free,TimeWarner,Tony Dapolto Recreation Center,Computer Resource Center,40.729599999599998,-74.005499999700007,982725.632630000007339,205089.567888999998104,,,New York,
MN,62,Limited Free,TimeWarner,Tony Dapolto Recreation Center,Afterschool Room,40.729566000299997,-74.005492999799998,982727.571930999984033,205077.18077499998617,,,New York,
MN,63,Limited Free,TimeWarner,Tony Dapolto Recreation Center,Basketball Court,40.729566000299997,-74.005492999799998,982727.571930999984033,205077.18077499998617,,,New York,
MN,64,Limited Free,TimeWarner,Tony Dapolto Recreation Center,Lobby,40.729566000299997,-74.005492999799998,982727.571930999984033,205077.18077499998617,,,New York,
BK,65,Limited Free,TimeWarner,Red Hook Recreation Area,Around Henry Street,40.673000000099996,-74.004899999900005,982890.773704000050202,184468.490692999999737,,,Brooklyn,
BK,66,Limited Free,TimeWarner,Red Hook Recreation Area,Near Red Hook Recreation Center,40.6722000002,-74.004100000099996,983112.674507000017911,184177.016537999996217,,,Brooklyn,
BK,67,Limited Free,TimeWarner,Red Hook Recreation Area,Between the Soccer Fields on Clinton Street,40.671199999700001,-74.003699999600002,983223.6178549999604,183812.682949000009103,,,Brooklyn,
MN,69,Limited Free,TimeWarner,Chelsea Recreation Center,Basketball Court,40.748057000400003,-74.001945000099994,983711.077509999973699,211813.995384999987436,,,New York,
MN,70,Limited Free,TimeWarner,Chelsea Recreation Center,Weight Room,40.748057000400003,-74.001945000099994,983711.077509999973699,211813.995384999987436,,,New York,
MN,71,Limited Free,TimeWarner,Chelsea Recreation Center,Cardio Room,40.748057000400003,-74.001945000099994,983711.077509999973699,211813.995384999987436,,,New York,
MN,72,Limited Free,TimeWarner,Chelsea Recreation Center,Basketball Court,40.748057000400003,-74.001945000099994,983711.077509999973699,211813.995384999987436,,,New York,
MN,73,Limited Free,TimeWarner,Chelsea Recreation Center,Third Floor,40.748100000400001,-74.001899999599999,983723.546644999994896,211829.661363999999594,,,New York,
BK,75,Limited Free,TimeWarner,Carroll Park,Track and Field,40.680599999800002,-73.995400000199993,985525.862922000000253,187237.384105000004638,,,Brooklyn,
BK,76,Limited Free,TimeWarner,Cadman Plaza Park,Track and Field - South Entrance of Brooklyn War Memorial,40.696599999999997,-73.990599999400004,986856.572858999948949,193066.757944999990286,,,Brooklyn,
MN,77,Partner Site,Partner,Union Square Park,Entire park,40.735999999699999,-73.990399999900006,986910.458577999961562,207421.38638800001354,,,New York,
MN,78,Limited Free,TimeWarner,Madison Square Park,Statue - South West of Park,40.7415000003,-73.988899999799997,987325.901317000039853,209425.259676999994554,,,New York,
MN,79,Limited Free,TimeWarner,Madison Square Park,Dog Run,40.7423999998,-73.988700000500003,987381.280471000005491,209753.165188999992097,,,New York,
MN,80,Limited Free,TimeWarner,Madison Square Park,Benches - West North of Park,40.743100000399998,-73.988300000099997,987492.08831999998074,210008.212250999989919,,,New York,
MN,81,Limited Free,TimeWarner,Madison Square Park,Bathroom,40.741099999699998,-73.987899999700005,987603.029698999947868,209279.563445999985561,,,New York,
MN,82,Limited Free,TimeWarner,Madison Square Park,Benches - East of Park,40.741899999799998,-73.987400000299999,987741.542545999982394,209571.048427000001539,,,New York,
MN,83,Limited Free,TimeWarner,Madison Square Park,Playground,40.7425000004,-73.986899999800002,987880.063266000011936,209789.668069000006653,,,New York,
BK,84,Limited Free,Cablevision,Steeplechase Park,Stark Ice Rink 1,40.5726679996,-73.986136000399995,988101.563479000004008,147915.150086000008741,,,Brooklyn,
BK,85,Limited Free,Cablevision,Steeplechase Park,Stark Ice Rink 2,40.572664999899999,-73.985936000500004,988157.125704000005499,147914.066098999988753,,,Brooklyn,
BK,86,Limited Free,Cablevision,Steeplechase Park,Stark Ice Rink 3,40.572678000400003,-73.985749999899994,988208.797845000051893,147918.810839999991003,,,Brooklyn,
BK,87,Limited Free,Cablevision,Steeplechase Park,Stark Ice Rink 6,40.572807999799998,-73.985617000399998,988245.738715999992564,147966.178855000005569,,,Brooklyn,
BK,88,Limited Free,Cablevision,Steeplechase Park,Stark Ice Rink 4,40.572684999700002,-73.985608999899995,988247.968697999953292,147921.367265000008047,,,Brooklyn,
BK,89,Limited Free,Cablevision,Steeplechase Park,Stark Ice Rink 5,40.572694000399999,-73.985601000499997,988250.190478999982588,147924.646785999997519,,,Brooklyn,
BK,90,Limited Free,Cablevision,Gravesend Park,Benches,40.6233,-73.985299999899993,988330.717548000044189,166361.719492000003811,,,Brooklyn,
MN,91,Limited Free,TimeWarner,Riverside Park,On the Hudson River Greenway,40.786000000100003,-73.985000000300005,988403.846995000028983,225638.236765000008745,,,New York,
BK,92,Limited Free,Cablevision,Steeplechase Park,Front of MCU Park,40.574999999900001,-73.984799999800003,988472.570938999997452,148764.817022000002908,,,Brooklyn,
MN,93,Limited Free,TimeWarner,Bryant Park,Southwest Porch,40.753700000199998,-73.984799999900005,988461.27371800004039,213870.281626999989385,,,New York,
BK,94,Limited Free,Cablevision,Gravesend Park,Benches,40.622999999800001,-73.984699999599997,988497.296611999976449,166252.450024999998277,,,Brooklyn,
BK,95,Limited Free,Cablevision,Gravesend Park,Playground,40.624199999799998,-73.984400000400001,988580.4988730000332,166689.656500000011874,,,Brooklyn,
MN,96,Limited Free,TimeWarner,Bryant Park,Witchcraft Express,40.754400000300002,-73.984200000499996,988627.462033999967389,214125.343781000003219,,,New York,
MN,97,Limited Free,TimeWarner,Bryant Park,Seating area near Bryant Park Grill,40.7531999996,-73.983999999600002,988682.953064000001177,213688.154693999997107,,,New York,
BK,98,Limited Free,Cablevision,Gravesend Park,Playground,40.623799999900001,-73.983600000099997,988802.603087999974377,166543.966503000003286,,,Brooklyn,
MN,99,Partner Site,Partner,Bryant Park,Entire park,40.753799999800002,-73.983300000100002,988876.852939000003971,213906.790412000002107,,,New York,
MN,100,Limited Free,TimeWarner,Bryant Park,Track and Field - North East of Park,40.754299999700002,-73.983100000299999,988932.229140999959782,214088.967212999996264,,,New York,
BK,101,Limited Free,Cablevision,Gravesend Park,Playground,40.6235000004,-73.982899999899999,988996.942921999958344,166434.705894000013359,,,Brooklyn,
BK,102,Limited Free,Cablevision,Steeplechase Park,3001-3025 W 15th St,40.575114999699998,-73.982112000200004,989219.29057399998419,148806.855322999996133,,,Brooklyn,
BK,103,Limited Free,Cablevision,Steeplechase Park,3027-3087 W 15th St 2,40.574056000299997,-73.981940999599999,989266.874140999978408,148421.045400000002701,,,Brooklyn,
BK,104,Limited Free,Cablevision,Steeplechase Park,3027-3087 W 15th St,40.573602000199998,-73.981845000199996,989293.577499000006355,148255.647435999999288,,,Brooklyn,
BK,105,Limited Free,Cablevision,Steeplechase Park,3089-3099 W 15th St,40.5732289997,-73.981813000399995,989302.495461000013165,148119.755975999985822,,,Brooklyn,
MN,106,Limited Free,TimeWarner,Bryant Park,Library Steps,40.752699999599997,-73.981800000299998,989292.521727000013925,213506.107485999993514,,,New York,
MN,107,Limited Free,TimeWarner,Hamilton Fish Park,Lobby,40.719499999900002,-73.9818000004,989295.034846000024118,201410.301953999995021,,,New York,
SI,108,Limited Free,TimeWarner,Tompkinsville Park,Entire triangle,40.726399999999998,-73.9818000004,989294.512537000002339,203924.184720999997808,,,Staten Island,
MN,109,Limited Free,TimeWarner,Hamilton Fish Park,Outside Hamilton Fish Recreation Center,40.719800000200003,-73.981499999899995,989378.171818000031635,201519.618664000008721,,,New York,
MN,110,Limited Free,TimeWarner,Hamilton Fish Park,Lobby,40.719900000000003,-73.981500000500006,989378.163944000029005,201556.051662000012584,,,New York,
MN,112,Limited Free,TimeWarner,Hamilton Fish Park,Outside Hamilton Fish Recreation Center,40.720099999699997,-73.981300000299996,989433.588045999989845,201628.929468999995152,,,New York,
BK,113,Limited Free,Cablevision,Steeplechase Park,Brooklyn Beach Shop 2,40.573428999699999,-73.980394000100006,989696.688898000051267,148192.705960999999661,,,Brooklyn,
BK,114,Limited Free,Cablevision,Steeplechase Park,Brooklyn Beach Shop,40.573271999600003,-73.980362999600004,989705.313881000038236,148135.50889699999243,,,Brooklyn,
BK,115,Limited Free,Cablevision,Steeplechase Park,Ruby's Bar & Grill,40.573246000300003,-73.980297999499996,989723.373555999947712,148126.040739999996731,,,Brooklyn,
BK,116,Limited Free,Cablevision,Steeplechase Park,Lola Star Sovenir Boutique,40.573270000000001,-73.980082999999993,989783.100142000010237,148134.797940999997081,,,Brooklyn,
BK,117,Limited Free,Cablevision,Steeplechase Park,Nathan's Famous,40.573286000300001,-73.979828999999995,989853.662008999963291,148140.643401000008453,,,Brooklyn,
BK,118,Limited Free,Cablevision,Steeplechase Park,Nathan's Famous 2,40.573437000399998,-73.979799000200003,989861.983514999970794,148195.658383000001777,,,Brooklyn,
BK,119,Limited Free,Cablevision,Steeplechase Park,Familia Pizzeria,40.573415000300002,-73.978994000300005,990085.620207000058144,148187.69580099999439,,,Brooklyn,
BK,120,Limited Free,Cablevision,Steeplechase Park,Coney Cones,40.573414999900002,-73.978966999700006,990093.121175999986008,148187.697440999996616,,,Brooklyn,
BK,121,Limited Free,Cablevision,Steeplechase Park,Coney Cones 2,40.573403000299997,-73.978849000500006,990125.903262999956496,148183.333604999992531,,,Brooklyn,
BK,122,Limited Free,Cablevision,Steeplechase Park,Paul's Daughter,40.573418999600001,-73.9785220001,990216.744944000034593,148189.184642999985954,,,Brooklyn,
BK,123,Limited Free,Cablevision,Steeplechase Park,Paul's Daughter 2,40.5734440003,-73.9782749994,990285.361277000047266,148198.309952999989036,,,Brooklyn,
BK,125,Limited Free,Cablevision,Steeplechase Park,3000-3098 W 10th St 2,40.574704000099999,-73.978087000000002,990337.474033999955282,148657.372027000004891,,,Brooklyn,
BK,126,Limited Free,Cablevision,Steeplechase Park,3000-3098 W 10th St,40.574289000299999,-73.978075999400005,990340.567858999944292,148506.178103000012925,,,Brooklyn,
BK,127,Limited Free,Cablevision,Steeplechase Park,3000-3098 W 10th St 3,40.575169000099997,-73.978001000199995,990361.322411000030115,148826.789010999986203,,,Brooklyn,
BK,128,Limited Free,Cablevision,Steeplechase Park,Aquarium 1,40.573522999700003,-73.977957999699996,990373.418843999970704,148227.113373000000138,,,Brooklyn,
BK,129,Limited Free,Cablevision,Steeplechase Park,Aquarium 2,40.573523000199998,-73.977755000499997,990429.813415999989957,148227.127807999990182,,,Brooklyn,
BK,130,Limited Free,Cablevision,Steeplechase Park,Aquarium 3,40.5735470001,-73.977272000100001,990563.991952999960631,148235.906006000004709,,,Brooklyn,
BK,131,Limited Free,TimeWarner,Prospect Park,Bandshell near West Dr,40.662800000200001,-73.976400000599995,990797.478691000025719,180753.186115999997128,,,Brooklyn,
BK,132,Limited Free,TimeWarner,Prospect Park,Bandshell near West Dr,40.662999999999997,-73.975800000299998,990963.919958999962546,180826.097058999992441,,,Brooklyn,
BK,134,Limited Free,TimeWarner,Prospect Park,Park - East of Bandshell,40.663500000299997,-73.975499999700006,991047.099582999944687,181008.284359000012046,,,Brooklyn,
BK,138,Limited Free,TimeWarner,Metropolitan Recreation Center,Lobby,40.715000000099998,-73.9604000004,995227.849751999950968,199772.771764000004623,,,Brooklyn,
MN,140,Limited Free,TimeWarner,Recreation Center 54,Basketball Court,40.75,-73.949999999499994,998103.642883999971673,212525.840418000007048,,,New York,
BK,141,Limited Free,Cablevision,Manhattan Beach Park,Park seating area,40.576099999999997,-73.947000000100005,998973.194622999988496,149169.662011999986134,,,Brooklyn,
BK,142,Limited Free,Cablevision,Herbert Von King Park,Multi-purpose room,40.689900000100003,-73.946499999699995,999086.770839000004344,190630.141754999989644,,,Brooklyn,
BK,144,Limited Free,Cablevision,Manhattan Beach Park,Park seating area,40.5762000004,-73.945999999799994,999250.968345999950543,149206.264301999995951,,,Brooklyn,
BK,145,Limited Free,Cablevision,Manhattan Beach Park,Park seating area,40.576200000199997,-73.945500000300001,999389.866033999947831,149206.350258999998914,,,Brooklyn,
BK,146,Limited Free,Cablevision,Manhattan Beach Park,Pathway to Beach,40.575899999699999,-73.945400000199996,999417.7137469999725,149097.069966000010027,,,Brooklyn,
BK,147,Limited Free,Cablevision,Manhattan Beach Park,Park seating area,40.577700000100002,-73.944600000500003,999639.536466000019573,149752.994179000001168,,,Brooklyn,
BK,148,Limited Free,Cablevision,Wingate Park,Bleachers,40.658299999999997,-73.944599999600001,999620.965308999991976,179117.688731000002008,,,Brooklyn,
BK,150,Limited Free,Cablevision,Wingate Park,Running Track/Concert Area,40.658300000300002,-73.944099999599999,999759.692394000012428,179117.776985000004061,,,Brooklyn,
BK,151,Limited Free,Cablevision,Manhattan Beach Park,Beach area,40.5762999998,-73.943999999599995,999806.536459999973886,149243.045396000001347,,,Brooklyn,
BK,152,Limited Free,Cablevision,Manhattan Beach Park,Park seating area,40.577799999600003,-73.943000000400005,1000083.975869999965653,149789.711624999996275,,,Brooklyn,
MN,153,Limited Free,TimeWarner,Jackie Robinson Park,Play area next to pool,40.824799999699998,-73.942300000200007,1000219.152430000016466,239779.34955899999477,,,New York,
BK,154,Limited Free,Cablevision,Manhattan Beach Park,Park seating area,40.576799999800002,-73.942200000200003,1000306.447530000004917,149425.532563999993727,,,Brooklyn,
BK,155,Limited Free,Cablevision,Manhattan Beach Park,Park seating area,40.577100000100003,-73.9415000005,1000500.829690000042319,149534.959181999991415,,,Brooklyn,
BK,156,Limited Free,Cablevision,Manhattan Beach Park,Park seating area,40.577999999900001,-73.940700000000007,1000722.841389999957755,149863.000849000003655,,,Brooklyn,
MN,157,Limited Free,TimeWarner,Hansborough Recreation Center,Game Room,40.812913000099996,-73.939203000600003,1001079.289160000043921,235449.067536999995355,,,New York,
MN,158,Limited Free,TimeWarner,Hansborough Recreation Center,Dance Room,40.812913000099996,-73.939203000600003,1001079.289160000043921,235449.067536999995355,,,New York,
MN,159,Limited Free,TimeWarner,Hansborough Recreation Center,Fitness Room,40.812913000099996,-73.939203000600003,1001079.289160000043921,235449.067536999995355,,,New York,
MN,160,Limited Free,TimeWarner,Hansborough Recreation Center,Computer Resource Room,40.812913000099996,-73.939203000600003,1001079.289160000043921,235449.067536999995355,,,New York,
MN,161,Limited Free,TimeWarner,Hansborough Recreation Center,Roof Top,40.812913000099996,-73.939203000600003,1001079.289160000043921,235449.067536999995355,,,New York,
MN,162,Limited Free,TimeWarner,Hansborough Recreation Center,Basketball Court,40.812913000099996,-73.939203000600003,1001079.289160000043921,235449.067536999995355,,,New York,
MN,163,Limited Free,TimeWarner,Hansborough Recreation Center,Roof Top,40.812913000099996,-73.939203000600003,1001079.289160000043921,235449.067536999995355,,,New York,
MN,164,Limited Free,TimeWarner,Hansborough Recreation Center,Lobby,40.812899999800003,-73.939199999600007,1001080.123149999999441,235444.331654000008712,,,New York,
BK,167,Limited Free,Cablevision,St. John's Recreation Center,Inside recreation center,40.673999999800003,-73.934900000100001,1002308.019970000023022,184839.491263000003528,,,Brooklyn,
BK,168,Limited Free,Cablevision,Marine Park,Exhibit Hall,40.600999999800003,-73.931900000400006,1003160.862760000047274,158244.256724000006216,,,Brooklyn,
BK,169,Limited Free,Cablevision,Marine Park,Front picnic area of nature center,40.604100000300001,-73.931799999999996,1003187.752790000056848,159373.687864000006812,,,Brooklyn,
BK,170,Limited Free,Cablevision,Marine Park,Back Seating area,40.603993000199999,-73.930670999699998,1003501.283990000025369,159334.951065000001108,,,Brooklyn,
BK,171,Limited Free,Cablevision,Marine Park,Library,40.604137000199998,-73.930430000100003,1003568.16312000004109,159387.467035999987274,,,Brooklyn,
BK,172,Limited Free,Cablevision,Marine Park,Front picnic area of nature center,40.604800000399997,-73.930100000300001,1003659.604539999971166,159629.08794399999897,,,Brooklyn,
BK,173,Limited Free,Cablevision,Marine Park,Pathway to nature center,40.6058999997,-73.9284000002,1004131.327350000035949,160030.227233999990858,,,Brooklyn,
BX,176,Limited Free,Cablevision,St. Mary's Park,Gymnasium,40.811499999699997,-73.914299999999997,1007973.219930000021122,234940.025575999985449,,,Bronx,
BX,177,Limited Free,Cablevision,St. Mary's Park,Gymnasium,40.811400000299997,-73.914299999500003,1007973.255690000019968,234903.592249999986961,,,Bronx,
BX,178,Limited Free,Cablevision,St. Mary's Park,Multi-purpose room,40.811600000399999,-73.914200000199997,1008000.865869999979623,234976.486462000000756,,,Bronx,
BX,179,Limited Free,Cablevision,St. Mary's Park,Classroom 2nd floor,40.811500000300001,-73.914099999900003,1008028.583340000011958,234940.080037999985507,,,Bronx,
BX,180,Limited Free,Cablevision,St. Mary's Park,Lobby,40.811499999600002,-73.9139999999,1008056.265039999969304,234940.106941000005463,,,Bronx,
BX,181,Limited Free,Cablevision,St. Mary's Park,Playground area,40.812800000000003,-73.913399999399999,1008221.887080000014976,235413.906847000005655,,,Bronx,
BX,182,Limited Free,Cablevision,St. Mary's Park,Basketball courts,40.812900000200003,-73.913399999700005,1008221.850989999948069,235450.340500999998767,,,Bronx,
QU,183,Limited Free,TimeWarner,Lawrence Virgilio Playground,Near the Woodside Avenue and 38th Road entrance,40.747800000300003,-73.910099999600007,1009159.669329999946058,211733.138263000000734,,,Queens,
QU,184,Limited Free,TimeWarner,Lawrence Virgilio Playground,Near the Woodside Avenue and 54th Street entrance,40.747399999899997,-73.909499999900007,1009326.068929999950342,211587.576547000004211,,,Queens,
QU,185,Limited Free,TimeWarner,Lawrence Virgilio Playground,Near the Woodside Avenue and 55th Street Entrance to Doughboy Plaza,40.746899999599997,-73.908899999699997,1009492.508559999987483,211405.582816000009188,,,Queens,
BK,187,Limited Free,Cablevision,Brownsville Playground,Gymnasium,40.656099999600002,-73.902800000400006,1011219.438180000055581,178326.269709999993211,,,Brooklyn,
BK,188,Limited Free,Cablevision,Brownsville Playground,Weight & Fitness room,40.656700000000001,-73.902800000100001,1011219.195719999959692,178544.866385000001173,,,Brooklyn,
BK,189,Limited Free,Cablevision,Brownsville Playground,Multi-purpose room,40.655900000099997,-73.902799999799996,1011219.519210000056773,178253.404370000003837,,,Brooklyn,
BK,190,Limited Free,Cablevision,Brownsville Playground,Teen Room,40.656399999900003,-73.902700000400003,1011247.063119999947958,178435.598887000000104,,,Brooklyn,
BK,191,Limited Free,Cablevision,Brownsville Playground,Baseball field,40.6571,-73.902699999800006,1011246.779979999992065,178690.628232999995816,,,Brooklyn,
BK,192,Limited Free,Cablevision,Brownsville Playground,Game Room,40.656200000399998,-73.902599999800003,1011274.890490000019781,178362.764387000002898,,,Brooklyn,
BK,193,Limited Free,Cablevision,Brownsville Playground,Lobby,40.656099999699997,-73.902500000299995,1011302.677179999998771,178326.362228999991203,,,Brooklyn,
BK,194,Limited Free,Cablevision,Brownsville Playground,Handball Court,40.657100000100002,-73.902200000400001,1011385.509369999985211,178690.782760000001872,,,Brooklyn,
BK,195,Limited Free,Cablevision,Brownsville Playground,Basketball Courts,40.656999999900002,-73.901399999899994,1011607.517779999994673,178654.598777000006521,,,Brooklyn,
BX,196,Limited Free,Cablevision,St. James Park,Front seating area of recreation center,40.864599999799999,-73.899100000299995,1012158.552769999951124,254290.802820000011707,,,Bronx,
QU,197,Limited Free,TimeWarner,Juniper Valley Park,Near the 71st Street and Lutheran Avenue Entrance,40.718800000100003,-73.885399999399993,1016017.413159999996424,201175.526504000008572,,,Queens,
QU,198,Limited Free,TimeWarner,Juniper Valley Park,West of the Basketball Courts,40.719200000100003,-73.885300000399994,1016044.942299999995157,201321.294913999998244,,,Queens,
QU,199,Limited Free,TimeWarner,Juniper Valley Park,"Near Lutheran Avenue, West of the Running Track",40.720500000299999,-73.884900000299993,1016155.200289999949746,201795.069885000004433,,,Queens,
QU,200,Limited Free,TimeWarner,Juniper Valley Park,Near Juniper Boulevard South and 75th Street,40.718299999700001,-73.882299999699995,1016876.985259999986738,200994.500620000006165,,,Queens,
QU,201,Limited Free,TimeWarner,Juniper Valley Park,West of the Basketball Courts,40.721100000100002,-73.877899999500002,1018095.26300999999512,202016.295164000010118,,,Queens,
QU,202,Limited Free,TimeWarner,Juniper Valley Park,Near the Playground,40.720300000199998,-73.877800000500002,1018123.388610000023618,201724.86956600000849,,,Queens,
QU,203,Limited Free,TimeWarner,Juniper Valley Park,Near the Asphalt Baseball Field,40.720600000300003,-73.877300000600002,1018261.833540000021458,201834.362457000010181,,,Queens,
QU,204,Limited Free,TimeWarner,Juniper Valley Park,Near Juniper Boulevard South and 75th Street,40.719700000400003,-73.8771000001,1018317.732710000011139,201506.542902999994112,,,Queens,
BX,205,Limited Free,Cablevision,Bronx Park,Rosewood Playground,40.872999999999998,-73.871299999599998,1019843.424860000028275,257361.32620599999791,,,Bronx,
BX,206,Limited Free,Cablevision,Bronx Park,Ranaqua - Lobby - Parks Building,40.847300000099999,-73.870699999500005,1020023.182709999964572,247998.077543999999762,,,Bronx,
BX,207,Limited Free,Cablevision,Bronx Park,Ranaqua - Parking lot area - Parks Building,40.847499999999997,-73.870200000200001,1020161.408479999983683,248071.149577000003774,,,Bronx,
BX,208,Limited Free,Cablevision,Gun Hill Playground,Playground,40.874800000299999,-73.865400000500003,1021474.126659999950789,258019.588997000013478,,,Bronx,
QU,209,Limited Free,TimeWarner,London Planetree Playground,Near Atlantic Avenue and 88th Street,40.6867000003,-73.854400000300004,1024630.123950000037439,189493.316600999998627,,,Queens,
QU,210,Limited Free,TimeWarner,London Planetree Playground,Near the Basketball Courts,40.686199999599999,-73.853899999899994,1024769.095790000050329,189311.382909999985714,,,Queens,
QU,211,Limited Free,TimeWarner,London Planetree Playground,Near the Handball Courts,40.687000000399998,-73.853600000399993,1024851.809860000037588,189602.985016999999061,,,Queens,
QU,212,Limited Free,TimeWarner,London Planetree Playground,Near the Comfort Station,40.685600000199997,-73.852999999600002,1025019.066740000038408,189093.203555999993114,,,Queens,
BX,215,Limited Free,Cablevision,Owen F. Dolen Park,Inside recreation center,40.840600000099997,-73.842499999899999,1027829.603770000045188,245569.791717999993125,,,Bronx,
BX,216,Limited Free,Cablevision,Seton Falls Park,Playground,40.888800000400003,-73.840100000500001,1028461.616950000054203,263132.103049999976065,,,Bronx,
BX,217,Limited Free,Cablevision,Seton Falls Park,Playground,40.885299999600001,-73.838500000500005,1028906.360149999964051,261857.725021999998717,,,Bronx,
QU,218,Limited Free,TimeWarner,Rockaway Beach,Beach 116 Street 2,40.578115999700003,-73.8361070001,1029777.442400000058115,149942.277265000011539,,,Queens,
BX,219,Limited Free,Cablevision,Seton Falls Park,Benches,40.887600000399999,-73.836000000300004,1029596.065459999954328,262696.991059999971185,,,Bronx,
QU,220,Limited Free,TimeWarner,Rockaway Beach,Beach 116 Street 1,40.577896000400003,-73.835988999700007,1029810.371470000012778,149862.187529999995604,,,Queens,
QU,221,Limited Free,TimeWarner,Rockaway Beach,Beach 116 Street 5,40.578253999899999,-73.835838999700002,1029851.795270000002347,149992.693502999987686,,,Queens,
QU,222,Limited Free,TimeWarner,Rockaway Beach,Beach 116 Street 4,40.578164999599998,-73.835752999899995,1029875.745680000050925,149960.313318000000436,,,Queens,
QU,223,Limited Free,TimeWarner,Rockaway Beach,Beach 116 Street 3,40.5780260003,-73.835667000399994,1029899.730209999950603,149909.717291000008117,,,Queens,
QU,224,Limited Free,TimeWarner,Overlook Park,First Floor Conference Room in Park Building,40.710848999600003,-73.835566000100002,1029836.949170000036247,198300.74189999999362,,,Queens,
QU,225,Limited Free,TimeWarner,Overlook Park,Outside Park Building,40.710800000200003,-73.8355000002,1029855.280170000041835,198282.924349999986589,,,Queens,
QU,226,Limited Free,TimeWarner,Overlook Park,Near the Comfort Station,40.709800000000001,-73.835499999500001,1029855.964550000033341,197918.59469800000079,,,Queens,
BX,227,Limited Free,Cablevision,Seton Falls Park,Benches,40.886899999999997,-73.8347999999,1029928.346619999967515,262442.576541999995243,,,Bronx,
QU,228,Limited Free,TimeWarner,Rockaway Beach,Beach 106 Street 1,40.580364999700002,-73.826559000200007,1032428.132630000007339,150766.749370000005001,,,Queens,
QU,229,Limited Free,TimeWarner,Rockaway Beach,Beach 106 Street 2,40.580404999999999,-73.826355000600003,1032484.770320000010543,150781.434707999986131,,,Queens,
QU,230,Limited Free,TimeWarner,Rockaway Beach,Beach 106 Street 3,40.580471000400003,-73.826214999499996,1032523.611769999959506,150805.557362999999896,,,Queens,
QU,231,Limited Free,TimeWarner,Rockaway Beach,Beach 106 Street 4,40.5805929996,-73.825968999500006,1032591.856720000039786,150850.140279000013834,,,Queens,
QU,232,Limited Free,TimeWarner,Kissena Park,Baseball Field at Elder Ave,40.751400000099999,-73.824700000299998,1032819.820829999982379,213080.550923000002513,,,Queens,
QU,233,Limited Free,TimeWarner,Kissena Park,Swing and seating area at Colden St and Geranium Ave,40.7500999998,-73.822800000300006,1033347.205270000034943,212607.979033000010531,,,Queens,
QU,234,Limited Free,TimeWarner,Kissena Park,Northeast of Garden - Southeast of Baseball Field,40.7485,-73.821199999699999,1033791.710289999959059,212025.94968499999959,,,Queens,
QU,235,Limited Free,TimeWarner,Kissena Park,Baseball Field at Colden St and Negundo Ave,40.747599999800002,-73.818200000100006,1034623.626270000007935,211699.762346000003163,,,Queens,
QU,236,Limited Free,TimeWarner,Rockaway Beach,Beach 97 Street  1,40.582987999700002,-73.817954000599997,1034816.424770000041462,151727.221858000004431,,,Queens,
QU,237,Limited Free,TimeWarner,Rockaway Beach,Beach 97 Street  2,40.582987999700002,-73.817954000599997,1034816.424770000041462,151727.221858000004431,,,Queens,
QU,238,Limited Free,TimeWarner,Rockaway Beach,Beach 97 Street  3,40.582816999599999,-73.817654000399997,1034899.88457999995444,151665.095670000009704,,,Queens,
QU,239,Limited Free,TimeWarner,Kissena Park,Cricket Pitch,40.743699999900002,-73.817299999400007,1034875.964019999955781,210279.389529999985825,,,Queens,
QU,240,Limited Free,TimeWarner,Rockaway Beach,Beach 97 Street  4,40.582939999700002,-73.817224999700002,1035018.953570000012405,151710.155946999992011,,,Queens,
QU,241,Limited Free,TimeWarner,Rockaway Beach,Beach 97 Street  5,40.583028999600003,-73.816987999899993,1035084.716559999971651,151742.718217999994522,,,Queens,
QU,242,Limited Free,TimeWarner,Kissena Park,Baseball Field at Kissena Blvd and Booth Memorial Ave,40.7437000002,-73.814000000299998,1035790.38870999997016,210281.314066999999341,,,Queens,
QU,243,Limited Free,TimeWarner,Kissena Park,Southwest Entrance of Park,40.745499999899998,-73.813599999900006,1035899.832709999987856,210937.345563000009861,,,Queens,
QU,244,Limited Free,TimeWarner,Kissena Park,Baseball Field at Rose Ave and Browne St,40.747599999999998,-73.811700000299993,1036424.660730000003241,211703.567127999995137,,,Queens,
QU,245,Limited Free,TimeWarner,Kissena Park,Baseball Field at Booth Memorial Ave and 156th St,40.742399999699998,-73.811500000099997,1036484.154050000011921,209809.164420999994036,,,Queens,
QU,246,Limited Free,TimeWarner,Rockaway Beach,Beach 90 Street  1,40.5844219998,-73.811420000300004,1036630.228890000027604,152253.502301000000443,,,Queens,
QU,247,Limited Free,TimeWarner,Rockaway Beach,Beach 90 Street  2,40.584519999800001,-73.811163000199997,1036701.53648999996949,152289.359840999997687,,,Queens,
QU,248,Limited Free,TimeWarner,Rockaway Beach,Beach 90 Street  3,40.584682999800002,-73.811034000099994,1036737.239500000025146,152348.821992999990471,,,Queens,
QU,249,Limited Free,TimeWarner,Rockaway Beach,Beach 90 Street  4,40.584577000199999,-73.810915999499997,1036770.098690000013448,152310.274498000013409,,,Queens,
QU,250,Limited Free,TimeWarner,Rockaway Beach,Beach 90 Street  6,40.5847570002,-73.810733999600004,1036820.509349999949336,152375.962029999995138,,,Queens,
QU,251,Limited Free,TimeWarner,Rockaway Beach,Beach 90 Street  5,40.584651000299999,-73.810668999800001,1036838.647110000019893,152337.382711000012932,,,Queens,
QU,252,Limited Free,TimeWarner,Bowne Park,Track and Field - Northwest Corner of Park,40.771199999899999,-73.809099999899999,1037126.336490000016056,220303.357998999999836,,,Queens,
QU,253,Limited Free,TimeWarner,Bowne Park,Track and Field - Southwest Corner of Park,40.769699999799997,-73.8088000005,1037210.624380000052042,219757.04052199999569,,,Queens,
QU,254,Limited Free,TimeWarner,Kissena Park,Basketball Court at 160th St and Booth Memorial Ave,40.741899999799998,-73.808199999500005,1037398.995720000006258,209628.984006999991834,,,Queens,
QU,255,Limited Free,TimeWarner,Bowne Park,Track and Field - South of Park,40.769599999699999,-73.807499999900003,1037570.791970000020228,219721.395909000013489,,,Queens,
QU,256,Limited Free,TimeWarner,Kissena Park,Northwest Entrance of Park,40.750199999700001,-73.807200000600005,1037669.445640000049025,212653.54062200000044,,,Queens,
QU,257,Limited Free,TimeWarner,Bowne Park,Track and Field - Southeast Corner of Park,40.769499999600001,-73.805999999700006,1037986.358720000018366,219685.879248000012012,,,Queens,
QU,258,Limited Free,TimeWarner,Bowne Park,Playground,40.7705000001,-73.8055000003,1038124.045129999984056,220050.518937999993796,,,Queens,
QU,259,Limited Free,TimeWarner,Kissena Park,Track and Field - North of Lake,40.749999999800004,-73.805099999399999,1038251.45793000003323,212581.96202499998617,,,Queens,
QU,260,Limited Free,TimeWarner,Kissena Park,Golf Course near 164th St and Booth Memorial Ave,40.743799999799997,-73.804199999999994,1038505.871790000004694,210323.665031999989878,,,Queens,
QU,261,Limited Free,TimeWarner,Kissena Park,Track and Field - Northwest Corner of Golf Course,40.745899999700001,-73.8034000002,1038725.832969999988563,211089.25667699999758,,,Queens,
QU,262,Limited Free,TimeWarner,Kissena Park,Track and Field - Southeast of Kissena Lake,40.747299999799999,-73.802899999800005,1038863.229999999981374,211599.631641000014497,,,Queens,
QU,263,Limited Free,TimeWarner,Kissena Park,Playground,40.749099999899997,-73.802700000100003,1038917.169519999995828,212255.552572999993572,,,Queens,
QU,264,Limited Free,TimeWarner,Rockaway Beach,Beach 73 Street  1,40.586478,-73.800175999800004,1039751.663259999942966,153009.476839000009932,,,Queens,
QU,265,Limited Free,TimeWarner,Rockaway Beach,Beach 73 Street  2,40.5864840001,-73.800090999800005,1039775.267220000037923,153011.716664000006858,,,Queens,
QU,266,Limited Free,TimeWarner,Baisley Pond Park,Playground,40.6745000003,-73.789599999800004,1042612.144749999977648,185085.035720000014408,,,Queens,
QU,267,Limited Free,TimeWarner,Baisley Pond Park,Baseball field at 150th St and 133rd Ave,40.667600000299998,-73.789400000300006,1042673.665619999985211,182571.310104000003776,,,Queens,
QU,268,Limited Free,TimeWarner,Baisley Pond Park,Tennis Courts at 150th St and 130th Ave,40.669799999600002,-73.789000000399994,1042782.700839999946766,183373.09688600001391,,,Queens,
QU,269,Limited Free,TimeWarner,Baisley Pond Park,Cricket Pitch at 150th St and Sutter Ave,40.671399999899997,-73.788600000100004,1042892.256389999995008,183956.28830499999458,,,Queens,
QU,270,Limited Free,TimeWarner,Baisley Pond Park,Basketball Courts at Foch Blvd and 155th St,40.681600000099998,-73.788300000099994,1042966.495089999982156,187672.630937999987509,,,Queens,
QU,271,Limited Free,TimeWarner,Baisley Pond Park,Tennis Courts 155th St and 118th Ave,40.680500000199999,-73.787499999900007,1043189.35257999994792,187272.407657000003383,,,Queens,
QU,272,Limited Free,TimeWarner,Baisley Pond Park,Benches near the lake,40.679600000100002,-73.787500000500003,1043190.147860000026412,186944.512644000002183,,,Queens,
QU,273,Limited Free,TimeWarner,Baisley Pond Park,Benches near flagpole,40.675099999799997,-73.787399999399994,1043221.863669999991544,185305.105489999987185,,,Queens,
QU,274,Limited Free,TimeWarner,Baisley Pond Park,Basketball Courts at 116th Ave and Barron St,40.685000000400002,-73.787199999899997,1043268.578139999997802,188912.085152000014205,,,Queens,
QU,275,Limited Free,TimeWarner,Baisley Pond Park,Track and Field,40.678099999600001,-73.787099999700004,1043302.422239999985322,186398.290310999989742,,,Queens,
QU,276,Limited Free,TimeWarner,Baisley Pond Park,Playground,40.672699999700001,-73.786800000300005,1043390.421729999943636,184431.123969999986002,,,Queens,
QU,277,Limited Free,TimeWarner,Baisley Pond Park,Baseball Field at 157th St between Foch Blvd and 116th Ave,40.684600000099998,-73.785900000300003,1043629.479330000001937,188767.232423000008566,,,Queens,
QU,278,Limited Free,TimeWarner,Baisley Pond Park,Perimeter of park near Cricket Pitch adjacent to pond,40.673199999700003,-73.785200000299994,1043833.804699999978766,184614.371963000012329,,,Queens,
QU,279,Limited Free,TimeWarner,Baisley Pond Park,Track and Field,40.683000000299998,-73.784800000199994,1043935.989870000048541,188185.055438000010327,,,Queens,
QU,280,Limited Free,TimeWarner,Baisley Pond Park,Benches,40.6808000001,-73.784700000499996,1043965.694860000046901,187383.602317000011681,,,Queens,
QU,281,Limited Free,TimeWarner,Baisley Pond Park,East Entrance of the Park,40.679299999999998,-73.784399999499996,1044050.248170000035316,186837.315352000005078,,,Queens,
QU,282,Limited Free,TimeWarner,Baisley Pond Park,Parking Lot,40.674900000299999,-73.784100000400002,1044137.408760000020266,185234.47899000000325,,,Queens,
QU,283,Limited Free,TimeWarner,Baisley Pond Park,North East of Pond,40.678199999599997,-73.783400000599997,1044328.604900000034831,186437.239051999989897,,,Queens,
QU,284,Limited Free,TimeWarner,Baisley Pond Park,East of Baisley Pond,40.676099999900003,-73.782500000499994,1044580.138189999968745,185672.769780000002356,,,Queens,
QU,285,Limited Free,TimeWarner,Cunningham Park,Baseball Field at Union Tpk and 194th St,40.730600000199999,-73.776700000000005,1046138.322410000022501,205532.733341000013752,,,Queens,
QU,286,Limited Free,TimeWarner,Cunningham Park,Playground at 193rd St and Aberdeen Rd,40.726799999900003,-73.775899999999993,1046363.586389999953099,204148.845689000008861,,,Queens,
QU,287,Limited Free,TimeWarner,Roy Wilkins Recreation Center,Room B3,40.687513000199999,-73.774786000399999,1046709.151970000006258,189836.248985999991419,,,Queens,
QU,288,Limited Free,TimeWarner,Cunningham Park,Near Parking Lot and Tennis Courts,40.7299999998,-73.774000000000001,1046887.198530000052415,205316.054313000000548,,,Queens,
QU,289,Limited Free,TimeWarner,Cunningham Park,Near Parking Lot and Tennis Courts,40.729899999799997,-73.773899999600005,1046915.008189999964088,205279.692837000009604,,,Queens,
QU,290,Limited Free,TimeWarner,Cunningham Park,Near Parking Lot and Tennis Courts,40.730099999700002,-73.773800000400001,1046942.535359999979846,205352.630355000001146,,,Queens,
QU,291,Limited Free,TimeWarner,Roy Wilkins Recreation Center,Room B4,40.688130999800002,-73.773756000399999,1046994.222270000027493,190062.139610999991419,,,Queens,
QU,292,Limited Free,TimeWarner,Cunningham Park,Parking lot at Union Tpk and 196th Pl,40.731300000399997,-73.773699999599998,1046969.121599999954924,205789.898180999996839,,,Queens,
QU,293,Limited Free,TimeWarner,Cunningham Park,Near Parking Lot and Tennis Courts,40.7300999996,-73.773700000299996,1046970.250860000029206,205352.701877000014065,,,Queens,
QU,294,Limited Free,TimeWarner,Roy Wilkins Recreation Center,Room B1,40.688603000199997,-73.773155000000003,1047160.451920000021346,190234.533622999995714,,,Queens,
QU,295,Limited Free,TimeWarner,Roy Wilkins Recreation Center,Room B5,40.688488999900002,-73.773047999599996,1047190.233690000022762,190193.077013000001898,,,Queens,
QU,296,Limited Free,TimeWarner,Roy Wilkins Recreation Center,Workout Room,40.6875779999,-73.772725999900004,1047280.394270000047982,189861.405759999994189,,,Queens,
QU,297,Limited Free,TimeWarner,Roy Wilkins Recreation Center,Center Office,40.688343000000003,-73.772146999599997,1047440.244339999975637,190140.533811000001151,,,Queens,
QU,298,Limited Free,TimeWarner,Railroad Park,West of the Park,40.679499999900003,-73.770700000000005,1047849.971870000008494,186919.830607000010787,,,Queens,
QU,299,Limited Free,TimeWarner,Roy Wilkins Recreation Center,Parking Lot next to basketball fields,40.685201999599997,-73.770516000499995,1047895.564630000037141,188997.36057200000505,,,Queens,
QU,300,Limited Free,TimeWarner,Roy Wilkins Recreation Center,Maintenance Office,40.687610999599997,-73.770473000500004,1047905.19059000001289,189875.05763600001228,,,Queens,
QU,301,Limited Free,TimeWarner,Roy Wilkins Recreation Center,West of the Roy Wilkins Recreation Center,40.687200000399997,-73.7698999996,1048064.495059999986552,189725.736084000003757,,,Queens,
QU,302,Limited Free,TimeWarner,Roy Wilkins Recreation Center,Rehearsal Room,40.687154999599997,-73.769871999599999,1048072.303450000006706,189709.361444999987725,,,Queens,
QU,303,Limited Free,TimeWarner,Roy Wilkins Recreation Center,Center Office,40.687317999800001,-73.769765000600003,1048101.821759999962524,189768.824908999988111,,,Queens,
QU,304,Limited Free,TimeWarner,Roy Wilkins Recreation Center,Room B2,40.687040999600001,-73.769615000300007,1048143.687159999972209,189668.01539899999625,,,Queens,
QU,305,Limited Free,TimeWarner,Roy Wilkins Recreation Center,Family Waiting Area,40.686292999899997,-73.769593,1048150.505389999947511,189395.514303000003565,,,Queens,
QU,306,Limited Free,TimeWarner,Roy Wilkins Recreation Center,Theater Lounge,40.686699999799998,-73.769399999800001,1048203.641109999967739,189543.936579000001075,,,Queens,
QU,307,Limited Free,TimeWarner,Roy Wilkins Recreation Center,Gymnasium,40.687317999999998,-73.769292999399994,1048232.723069999949075,189769.169396000012057,,,Queens,
QU,308,Limited Free,TimeWarner,Roy Wilkins Recreation Center,"Food Pantry, Patio",40.686976000000001,-73.768864000299999,1048352.027299999957904,189644.882898999989266,,,Queens,
QU,309,Limited Free,TimeWarner,Railroad Park,Track and Field - North of Park,40.680000000299998,-73.767799999900006,1048653.847890000091866,187104.113374000007752,,,Queens,
QU,310,Limited Free,TimeWarner,Railroad Park,Southeast Entrance of Park,40.676000000099997,-73.765400000200003,1049323.422010000096634,185648.577243999985512,,,Queens,
QU,311,Limited Free,TimeWarner,Sorrentino Recreation Center,Jeter Reading Room,40.602100000199997,-73.751600000500005,1053227.608100000070408,158735.464402999990853,,,Queens,
QU,312,Limited Free,TimeWarner,Sorrentino Recreation Center,The Hallway between the Art and Game Room,40.602370000000001,-73.751441999400001,1053271.203810000093654,158833.956332000001566,,,Queens,
QU,313,Limited Free,TimeWarner,Sorrentino Recreation Center,Gymnasium,40.6024819999,-73.751332000100007,1053301.633210000116378,158874.847326999995857,,,Queens,
QU,314,Limited Free,TimeWarner,Sorrentino Recreation Center,Computer Resource Center,40.602547999599999,-73.751300000499995,1053310.450780000071973,158898.917816000001039,,,Queens,
QU,315,Limited Free,TimeWarner,Lost Battalion Hall Recreation Center,After School Room,40.731791999899997,-73.865528000099999,1021518.71186999999918,205916.740118999994593,,,Queens,
QU,316,Limited Free,TimeWarner,Lost Battalion Hall Recreation Center,Dining Area,40.731791999899997,-73.865528000099999,1021518.71186999999918,205916.740118999994593,,,Queens,
QU,317,Limited Free,TimeWarner,Lost Battalion Hall Recreation Center,Near the Playground,40.731791999899997,-73.865528000099999,1021518.71186999999918,205916.740118999994593,,,Queens,
QU,318,Limited Free,TimeWarner,Lost Battalion Hall Recreation Center,Gymnasium,40.731791999899997,-73.865528000099999,1021518.71186999999918,205916.740118999994593,,,Queens,
QU,319,Limited Free,TimeWarner,Lost Battalion Hall Recreation Center,Near the 62nd Avenue and 93rd Street Intersection,40.731791999899997,-73.865528000099999,1021518.71186999999918,205916.740118999994593,,,Queens,
BK,320,Limited Free,TimeWarner,Metropolitan Recreation Center,Aerobics Room,40.715005000399998,-73.960381000200002,995233.116144999978133,199774.595907000009902,,,Brooklyn,
BX,321,Limited Free,Cablevision,St. James Park,Lobby/east wing of recreation center,40.673694999799999,-73.934934999700005,1002298.394010000047274,184728.36386099999072,,,Bronx,
BX,322,Limited Free,Cablevision,St. James Park,Lobby/west wing of recreation center,40.673694999799999,-73.934934999700005,1002298.394010000047274,184728.36386099999072,,,Bronx,
MN,323,Limited Free,TimeWarner,Jackie Robinson Park,Computer Lab,40.824807399599997,-73.942324439900005,1000212.386700000031851,239782.041155000013532,,,New York,
MN,324,Limited Free,TimeWarner,Jackie Robinson Park,Maintenance Office,40.824807399599997,-73.942324439900005,1000212.386700000031851,239782.041155000013532,,,New York,
MN,325,Limited Free,TimeWarner,Jackie Robinson Park,Gymnasium,40.824807399599997,-73.942324439900005,1000212.386700000031851,239782.041155000013532,,,New York,
MN,326,Limited Free,TimeWarner,Jackie Robinson Park,Dugout,40.824807399599997,-73.942324439900005,1000212.386700000031851,239782.041155000013532,,,New York,
MN,327,Limited Free,TimeWarner,Jackie Robinson Park,Administrative Office,40.824807399599997,-73.942324439900005,1000212.386700000031851,239782.041155000013532,,,New York,
MN,328,Limited Free,TimeWarner,Jackie Robinson Park,Library,40.824807399599997,-73.942324439900005,1000212.386700000031851,239782.041155000013532,,,New York,
MN,329,Limited Free,TimeWarner,Recreation Center 54,Multi Purpose Room,40.750002000000002,-73.950000000299994,998103.642227999982424,212526.569091000012122,,,New York,
MN,330,Limited Free,TimeWarner,Recreation Center 54,Lobby,40.750002000000002,-73.950000000299994,998103.642227999982424,212526.569091000012122,,,New York,
